w_judge,w_fan,fairness,stability,entertainment,total
0.303030858417092,0.696969141582908,0.9999999999999998,1.0,0.696969141582908,2.696969141582908
